<?xml version="1.0" encoding="UTF-8"?>
<Bucket
   type = "1"
   version = "2.0">
   <Breakpoints>
      <BreakpointProxy
         BreakpointExtensionID = "Xcode.Breakpoint.SymbolicBreakpoint">
         <BreakpointContent
            shouldBeEnabled = "Yes"
            ignoreCount = "0"
            condition = "!(BOOL)[NSThread isMainThread]"
            continueAfterRunningActions = "No"
            symbolName = "[UIView layoutIfNeeded]"
            moduleName = "">
            <Locations>
               <Location
                  shouldBeEnabled = "Yes"
                  ignoreCount = "0"
                  continueAfterRunningActions = "No"
                  symbolName = "-[UIView(Hierarchy) layoutIfNeeded]"
                  moduleName = "UIKit"
                  usesParentBreakpointCondition = "Yes"
                  offsetFromSymbolStart = "0">
               </Location>
            </Locations>
         </BreakpointContent>
      </BreakpointProxy>
      <BreakpointProxy
         BreakpointExtensionID = "Xcode.Breakpoint.SymbolicBreakpoint">
         <BreakpointContent
            shouldBeEnabled = "Yes"
            ignoreCount = "0"
            continueAfterRunningActions = "No"
            symbolName = "UIViewAlertForUnsatisfiableConstraints"
            moduleName = "">
            <Locations>
               <Location
                  shouldBeEnabled = "Yes"
                  ignoreCount = "0"
                  continueAfterRunningActions = "No"
                  symbolName = "UIViewAlertForUnsatisfiableConstraints"
                  moduleName = "UIKit"
                  usesParentBreakpointCondition = "Yes"
                  offsetFromSymbolStart = "0">
               </Location>
            </Locations>
         </BreakpointContent>
      </BreakpointProxy>
   </Breakpoints>
</Bucket>
